평균 상대습도(%),일시,실효습도
75.9,20170101,54.27375
77.8,20170102,56.26225
61.8,20170103,57.37625
55.0,20170104,57.47292
52.3,20170105,49.797297
58.5,20170106,48.581154000000005
64.9,20170107,49.554054
61.4,20170108,49.991820000000004
60.8,20170109,50.461119000000004
45.1,20170110,46.215765000000005
36.4,20170111,40.321407
43.1,20170112,37.882662
47.4,20170113,37.642014
33.3,20170114,33.273813
35.3,20170115,31.607681999999997
37.6,20170116,31.570053000000005
46.6,20170117,33.905892
68.9,20170118,42.01416900000001
55.4,20170119,44.350899
70.3,20170120,50.355768000000005
78.1,20170121,56.783208
51.3,20170122,52.788627000000005
48.4,20170123,47.998031999999995
49.6,20170124,45.685299
50.6,20170125,43.615113
64.4,20170126,45.912699
47.3,20170127,43.742292000000006
38.0,20170128,39.579228
71.1,20170129,46.534578
61.4,20170130,48.442902
44.8,20170131,44.10291900000001
44.5,20170201,41.837129999999995
52.9,20170202,43.239993000000005
65.4,20170203,46.303062000000004
69.4,20170204,50.136294
75.3,20170205,55.426545000000004
51.0,20170206,51.854847
45.4,20170207,47.251122
50.1,20170208,44.808251999999996
47.0,20170209,41.966559
44.3,20170210,38.86989
45.4,20170211,38.257452
51.3,20170212,39.881103
59.6,20170213,43.27068
46.0,20170214,41.719689
52.1,20170215,42.600132
63.9,20170216,46.700979000000004
56.9,20170217,47.174088
49.4,20170218,44.83677
68.0,20170219,49.466373
53.8,20170220,48.139527
37.1,20170221,41.605767
70.8,20170222,47.495082000000004
56.4,20170223,47.675760000000004
51.3,20170224,45.334404000000006
63.6,20170225,48.10143300000001
52.8,20170226,47.640384000000005
37.4,20170227,40.998461999999996
41.5,20170228,38.305178999999995
65.0,20170301,43.727028
59.5,20170302,45.252144
54.4,20170303,45.334272000000006
60.0,20170304,47.848245000000006
71.6,20170305,52.88130000000001
41.3,20170306,46.129545
37.5,20170307,40.540632
50.6,20170308,40.81554
47.3,20170309,39.735618
37.4,20170310,35.424789
37.4,20170311,33.934965000000005
58.4,20170312,39.383688
49.8,20170313,39.957279
37.5,20170314,36.835181999999996
34.9,20170315,34.368882
41.8,20170316,34.712472000000005
43.1,20170317,34.284144000000005
34.1,20170318,31.717935
36.0,20170319,31.111767000000007
40.4,20170320,32.138544
48.1,20170321,34.819383
32.8,20170322,32.040423000000004
34.0,20170323,30.908939999999998
41.4,20170324,32.241102000000005
41.1,20170325,32.861763
53.1,20170326,36.507984
67.4,20170327,44.12178000000001
59.8,20170328,47.110932
54.9,20170329,47.36022300000001
50.0,20170330,46.07985300000001
70.6,20170331,50.75854200000001
60.5,20170401,50.282604000000006
53.1,20170402,48.112647
45.6,20170403,44.590740000000004
35.3,20170404,39.282468
66.0,20170405,43.738005
90.0,20170406,54.566133
68.1,20170407,55.948938000000005
74.5,20170408,59.215059000000004
59.6,20170409,57.55068000000001
25.8,20170410,44.69769000000001
36.8,20170411,37.790493000000005
21.8,20170412,29.559675000000006
54.0,20170413,33.135408000000005
57.9,20170414,37.559694
59.4,20170415,42.810924
52.9,20170416,43.98215400000001
66.5,20170417,49.63833
76.5,20170418,54.974097000000015
43.1,20170419,48.49249200000001
45.4,20170420,44.569736999999996
56.5,20170421,45.481545000000004
48.4,20170422,43.004084999999996
40.0,20170423,38.245653000000004
39.4,20170424,36.418812
56.8,20170425,40.244054999999996
36.0,20170426,36.122052000000004
41.8,20170427,35.38506
57.3,20170428,39.942702000000004
44.3,20170429,39.263304000000005
57.9,20170430,41.9904
50.8,20170501,42.818124
42.0,20170502,40.465089
34.1,20170503,35.666439000000004
43.6,20170504,35.812857
53.4,20170505,38.169624000000006
32.0,20170506,33.75735
42.6,20170507,34.292463000000005
43.6,20170508,35.365368000000004
62.6,20170509,41.337402000000004
73.0,20170510,48.1437
65.3,20170511,51.67711800000001
71.6,20170512,55.506048
77.8,20170513,59.995878
58.3,20170514,56.330760000000005
61.4,20170515,54.170799
60.5,20170516,52.77706799999999
51.5,20170517,48.783804
41.9,20170518,42.795908999999995
42.6,20170519,39.797592
44.0,20170520,37.96246500000001
48.1,20170521,37.953255000000006
53.6,20170522,40.05059700000001
68.0,20170523,46.32277800000001
60.4,20170524,48.39801000000001
45.6,20170525,45.340083
41.5,20170526,41.762808
46.1,20170527,40.3614
50.6,20170528,40.004352000000004
61.8,20170529,43.497618
43.5,20170530,41.199135
49.1,20170531,41.476923
51.8,20170601,42.249438
37.4,20170602,38.243304
44.0,20170603,36.854295
36.9,20170604,34.674693
33.3,20170605,31.786614000000004
60.0,20170606,37.638822
91.4,20170607,51.881430000000016
67.3,20170608,54.28847700000001
69.8,20170609,57.08139900000001
46.8,20170610,52.31796000000001
33.8,20170611,43.73731200000001
45.5,20170612,39.657639
63.0,20170613,43.267013999999996
63.0,20170614,45.66752400000001
62.4,20170615,48.327564
55.8,20170616,48.86506500000001
52.3,20170617,47.60138999999999
52.0,20170618,45.74444999999999
50.9,20170619,44.114592
43.4,20170620,40.753944000000004
52.6,20170621,41.494269
57.3,20170622,43.59897
53.0,20170623,43.79738700000001
60.4,20170624,46.211742
75.4,20170625,52.779948000000005
76.9,20170626,57.363819000000014
67.5,20170627,57.51555000000001
63.5,20170628,56.638572
64.8,20170629,56.04157200000001
65.9,20170630,55.197357000000004
73.6,20170701,56.840774999999994
90.5,20170702,63.535125
87.6,20170703,67.55285400000001
74.5,20170704,66.36971700000001
66.9,20170705,63.206058
72.3,20170706,62.223255
80.8,20170707,63.233178
83.3,20170708,64.836345
88.0,20170709,68.02907700000002
96.5,20170710,73.197189
81.4,20170711,72.012594
75.9,20170712,69.104799
71.0,20170713,65.47329
68.4,20170714,61.914255000000004
89.0,20170715,65.17435200000001
83.4,20170716,66.53777699999999
77.3,20170717,65.93949
80.6,20170718,66.757752
71.4,20170719,64.70163000000001
66.1,20170720,60.633672000000004
73.1,20170721,60.16845900000001
75.8,20170722,60.960378
89.5,20170723,65.458332
82.3,20170724,66.910773
64.1,20170725,62.734713000000006
55.6,20170726,56.90852400000001
62.5,20170727,54.764055
92.1,20170728,61.45215900000001
72.3,20170729,60.556863
64.4,20170730,58.477818
82.3,20170731,62.821065
73.0,20170801,62.72343300000001
71.9,20170802,60.83262900000001
60.6,20170803,57.117402
60.1,20170804,54.76506900000001
63.0,20170805,53.0859
71.9,20170806,55.04939700000001
68.1,20170807,55.339308
67.1,20170808,55.81200299999999
66.4,20170809,55.9581
89.9,20170810,62.964147
72.5,20170811,62.199633000000006
60.3,20170812,58.196073
62.1,20170813,55.984002000000004
67.5,20170814,56.09084700000001
93.8,20170815,62.870745000000014
80.5,20170816,64.503999
77.1,20170817,65.242413
75.6,20170818,65.218545
75.8,20170819,64.989564
95.6,20170820,69.443205
81.5,20170821,69.00135300000001
70.6,20170822,65.593488
84.1,20170823,67.333614
85.3,20170824,68.901618
61.9,20170825,61.980885
54.5,20170826,55.62730799999999
62.0,20170827,53.97939300000001
73.1,20170828,55.475168999999994
51.4,20170829,49.951707000000006
55.8,20170830,48.585135
62.4,20170831,49.98165
56.0,20170901,48.661053
59.0,20170902,48.076962
64.0,20170903,50.262234
53.8,20170904,48.510072
62.4,20170905,49.53078
75.5,20170906,54.49797000000001
73.3,20170907,57.163740000000004
67.5,20170908,57.03767400000001
70.1,20170909,58.243722000000005
74.3,20170910,59.914335
79.8,20170911,62.073249000000004
58.6,20170912,57.335415000000005
49.3,20170913,51.52137299999999
48.8,20170914,47.170449000000005
48.4,20170915,43.793034000000006
50.9,20170916,41.901528
51.3,20170917,41.76639900000001
62.8,20170918,45.590724
79.1,20170919,53.182961999999996
48.9,20170920,49.457697
57.3,20170921,49.243959000000004
60.8,20170922,50.124174000000004
69.8,20170923,52.860482999999995
71.5,20170924,54.464037000000005
58.0,20170925,53.059239000000005
57.0,20170926,51.352343999999995
66.4,20170927,52.801044
49.1,20170928,48.171345
39.3,20170929,41.90484
64.9,20170930,45.87897
74.8,20171001,51.681282
62.3,20171002,51.51894299999999
49.8,20171003,48.52758899999999
48.5,20171004,46.537766999999995
56.4,20171005,46.22411399999999
66.4,20171006,48.505389
67.6,20171007,51.09254400000001
66.9,20171008,53.32381500000001
66.0,20171009,54.68125200000001
76.9,20171010,58.503132000000015
77.1,20171011,60.73423800000001
71.0,20171012,60.405507000000014
51.0,20171013,54.21069
42.8,20171014,47.459697
42.5,20171015,42.094413
47.6,20171016,39.85863
47.1,20171017,38.451150000000005
58.8,20171018,41.984334
58.3,20171019,44.721015
58.6,20171020,46.74181800000001
52.8,20171021,46.159233
50.4,20171022,45.056633999999995
47.0,20171023,42.67488899999999
54.3,20171024,43.222878
59.0,20171025,45.001343999999996
56.5,20171026,45.788712
54.4,20171027,45.83088
51.9,20171028,45.281829
45.6,20171029,42.63942000000001
27.4,20171030,35.092755
54.3,20171031,38.006142
72.4,20171101,45.581397
78.8,20171102,52.930128
66.0,20171103,54.55189200000001
47.9,20171104,51.174789000000004
52.5,20171105,48.83449200000001
64.5,20171106,49.883664
61.4,20171107,49.365390000000005
53.3,20171108,47.217987
39.6,20171109,42.517424999999996
56.3,20171110,44.005095
42.9,20171111,40.421412000000004
57.1,20171112,42.329139
64.4,20171113,46.262958000000005
42.5,20171114,43.137399
38.3,20171115,38.847477
30.3,20171116,34.12017300000001
39.4,20171117,32.825082
38.5,20171118,31.280445000000004
37.8,20171119,31.093419000000004
55.3,20171120,36.424269
55.6,20171121,40.649232
54.8,20171122,42.907875000000004
49.3,20171123,42.884304
62.5,20171124,46.863099
77.6,20171125,53.29588800000001
71.6,20171126,55.983714
53.0,20171127,52.325528999999996
64.1,20171128,53.372115
48.3,20171129,48.69916799999999
26.8,20171130,38.216747999999995
49.4,20171201,37.961580000000005
59.9,20171202,41.870793000000006
83.1,20171203,51.007569
48.1,20171204,47.699963999999994
40.1,20171205,44.068692000000006
72.6,20171206,50.137287
64.5,20171207,51.425883
41.3,20171208,44.198133
46.1,20171209,42.34344299999999
67.9,20171210,47.988527999999995
40.5,20171211,42.081405000000004
41.9,20171212,38.774829000000004
42.0,20171213,37.659993
42.9,20171214,36.907587
52.6,20171215,38.191725000000005
43.1,20171216,37.622157
38.1,20171217,35.65287
80.0,20171218,46.839327000000004
49.4,20171219,45.44446800000001
68.0,20171220,49.558983000000005
71.4,20171221,53.938143000000004
66.6,20171222,55.81566
75.8,20171223,57.777282
82.0,20171224,62.5533
43.1,20171225,53.288682
41.8,20171226,46.24201800000001
31.4,20171227,38.431374000000005
47.0,20171228,37.18005
67.0,20171229,41.991513000000005
79.5,20171230,51.07091400000001
54.4,20171231,49.96204200000001
39.1,20180101,45.12021000000001
42.0,20180102,41.81436000000001
42.3,20180103,38.581845
43.0,20180104,35.898822
48.4,20180105,36.906273
45.8,20180106,37.60293
42.1,20180107,36.834369
51.9,20180108,39.22125
59.4,20180109,43.10677199999999
52.0,20180110,43.33436400000001
49.8,20180111,42.964772999999994
35.4,20180112,38.572616999999994
67.3,20180113,44.57398200000001
64.1,20180114,47.43678
63.9,20180115,49.75385399999999
59.1,20180116,50.046732
64.1,20180117,52.47780900000001
59.6,20180118,51.22113300000001
43.0,20180119,45.522807
57.6,20180120,45.924063000000004
36.6,20180121,40.146963
56.5,20180122,41.820888
42.0,20180123,38.869530000000005
31.6,20180124,34.520568000000004
32.6,20180125,31.040148000000002
34.9,20180126,30.352694999999997
37.4,20180127,29.618100000000002
36.0,20180128,29.414988
35.0,20180129,29.497188
62.0,20180130,37.604307000000006
54.5,20180131,40.91332200000001
44.1,20180201,39.98358
51.1,20180202,41.50335000000001
47.0,20180203,41.38761
40.9,20180204,38.115225
37.8,20180205,35.272713
36.5,20180206,33.417333
39.8,20180207,32.75562
43.3,20180208,33.549147
43.9,20180209,34.592183999999996
47.4,20180210,36.528615
42.5,20180211,36.47966400000001
40.8,20180212,35.769009000000004
54.5,20180213,39.205077
51.0,20180214,40.530072000000004
28.0,20180215,34.38109500000001
40.1,20180216,33.953874
25.6,20180217,29.390535
26.9,20180218,25.89543
48.6,20180219,30.135330000000003
41.0,20180220,31.982943000000002
31.5,20180221,29.816178
59.0,20180222,37.280547000000006
81.1,20180223,49.070057999999996
49.4,20180224,46.718579999999996
40.6,20180225,42.81574500000001
43.1,20180226,41.31276
48.8,20180227,40.584093
73.3,20180228,46.309722
61.9,20180301,48.496008
34.0,20180302,42.10011299999999
38.1,20180303,38.726934
89.1,20180304,51.37830900000001
67.5,20180305,52.51895700000001
46.8,20180306,47.682210000000005
54.0,20180307,47.863232999999994
76.0,20180308,54.38322300000001
63.3,20180309,52.565745000000014
65.8,20180310,53.132604
51.3,20180311,50.223119999999994
45.8,20180312,46.17345
60.5,20180313,46.63941900000001
58.8,20180314,47.095943999999996
92.1,20180315,57.279458999999996
46.9,20180316,51.579024
48.0,20180317,48.196035
55.9,20180318,47.456754
64.5,20180319,49.604972999999994
39.9,20180320,42.049707
64.1,20180321,46.300050000000006
61.5,20180322,48.43982700000001
55.3,20180323,47.679345
61.9,20180324,48.693387
65.6,20180325,51.753572999999996
64.5,20180326,52.34551499999999
61.1,20180327,51.870969
66.4,20180328,53.44139700000001
66.3,20180329,54.177918000000005
55.6,20180330,51.296925
52.9,20180331,48.525693000000004
68.8,20180401,51.52726199999999
64.0,20180402,51.921129
72.9,20180403,54.87187800000001
67.0,20180404,55.706907
90.6,20180405,63.50756400000001
71.6,20180406,62.46632999999999
45.5,20180407,54.149487
59.6,20180408,52.10895
57.9,20180409,50.468058000000006
51.0,20180410,46.059498000000005
49.4,20180411,43.451505000000004
30.5,20180412,37.27189800000001
22.9,20180413,29.955236999999997
78.8,20180414,41.68929
65.5,20180415,46.26103200000001
41.9,20180416,42.46192500000001
37.9,20180417,39.555507000000006
35.4,20180418,37.154213999999996
38.8,20180419,33.674775000000004
46.0,20180420,34.069767000000006
32.0,20180421,31.336197000000002
57.4,20180422,37.244382
93.9,20180423,52.45616400000001
63.3,20180424,53.75298000000001
37.8,20180425,46.64772
51.9,20180426,46.609932
52.9,20180427,45.602787
49.0,20180428,41.88741900000001
43.1,20180429,39.059544
61.6,20180430,43.915767
72.8,20180501,49.964187
90.4,20180502,59.42766000000002
62.4,20180503,57.848733
45.5,20180504,51.970968
46.8,20180505,47.313744
86.4,20180506,55.368972
60.3,20180507,52.29022199999999
50.9,20180508,48.726884999999996
50.4,20180509,46.934664000000005
67.4,20180510,50.71456200000001
59.8,20180511,49.083819
89.3,20180512,58.108287
82.5,20180513,62.859372
71.4,20180514,62.880342
56.4,20180515,57.537864
93.8,20180516,65.40132899999999
97.0,20180517,70.378335
86.8,20180518,71.14510200000001
47.5,20180519,60.451512
32.1,20180520,49.10231399999999
43.9,20180521,42.81213
75.5,20180522,47.727654
57.1,20180523,46.162815
47.4,20180524,44.13897300000001
47.4,20180525,43.49876700000001
50.1,20180526,43.265655
47.4,20180527,40.699173
49.8,20180528,40.550382
69.3,20180529,46.78531200000001
69.8,20180530,51.299763
58.9,20180531,51.05374200000001
50.4,20180601,48.467664000000006
44.5,20180602,44.766399
39.4,20180603,39.662304
50.1,20180604,39.274227
52.5,20180605,40.272162
62.9,20180606,44.51929500000001
69.3,20180607,49.709772
68.0,20180608,53.210253
60.6,20180609,52.901085
59.9,20180610,52.353657
67.3,20180611,53.666078999999996
65.5,20180612,53.72208
64.0,20180613,53.37682800000001
74.9,20180614,56.77826700000001
60.8,20180615,54.964569
56.4,20180616,52.00186500000001
66.9,20180617,53.168730000000004
54.9,20180618,50.461166999999996
61.3,20180619,49.936284
68.1,20180620,52.319802
60.1,20180621,51.810117000000005
45.1,20180622,46.423917
50.6,20180623,44.908629000000005
62.8,20180624,47.185233000000004
57.1,20180625,46.72599300000001
88.3,20180626,56.16789299999999
81.9,20180627,61.61353800000001
85.1,20180628,66.108174
78.5,20180629,66.659283
83.8,20180630,68.922459
94.6,20180701,72.17354700000001
95.4,20180702,75.012003
74.4,20180703,70.537575
69.6,20180704,66.298254
72.8,20180705,64.02349799999999
57.8,20180706,57.386621999999996
51.4,20180707,50.780471999999996
51.5,20180708,47.245008
82.3,20180709,54.252204000000006
87.8,20180710,60.645894000000006
82.9,20180711,64.40779200000001
82.4,20180712,67.21381500000001
74.8,20180713,66.89298900000001
69.6,20180714,63.555444
69.6,20180715,60.941846999999996
64.3,20180716,57.76939199999999
66.5,20180717,56.23388399999999
64.8,20180718,55.032228
64.1,20180719,54.243258
62.6,20180720,53.240979
53.6,20180721,50.106615
49.6,20180722,46.60163400000001
53.8,20180723,45.493863000000005
59.5,20180724,46.463718
66.3,20180725,49.258248
68.8,20180726,52.418208
69.3,20180727,54.981864000000016
77.1,20180728,58.90465499999999
52.4,20180729,53.95320900000001
50.9,20180730,49.694334000000005
50.5,20180731,46.467069
55.5,20180801,45.682773000000005
54.4,20180802,44.41048200000001
55.3,20180803,45.035277
60.6,20180804,47.138265000000004
71.8,20180805,51.990525000000005
71.6,20180806,55.075002
63.4,20180807,54.829598999999995
64.8,20180808,55.032438
76.3,20180809,58.35719400000001
60.9,20180810,55.499808
55.8,20180811,51.979721999999995
61.3,20180812,51.579114
68.6,20180813,53.418099
58.3,20180814,51.035547
59.5,20180815,50.504244000000014
51.0,20180816,47.83947900000001
39.8,20180817,42.336828000000004
44.6,20180818,39.556899
50.6,20180819,39.930285
55.6,20180820,41.631150000000005
71.4,20180821,47.99033400000001
54.1,20180822,47.81647800000001
59.1,20180823,48.952757999999996
86.3,20180824,57.605627999999996
68.0,20180825,57.920532
70.0,20180826,57.94431300000001
91.0,20180827,65.13324300000001
92.4,20180828,70.333389
86.0,20180829,70.68204000000001
80.9,20180830,70.31880000000001
67.4,20180831,65.91369
59.4,20180901,59.371272000000005
55.8,20180902,53.64099
85.3,20180903,58.802487000000006
69.4,20180904,57.902682000000006
63.5,20180905,56.183502000000004
69.9,20180906,57.30344400000001
54.6,20180907,53.67891899999999
48.8,20180908,47.914331999999995
49.0,20180909,44.740815000000005
49.5,20180910,42.966837
48.1,20180911,40.982358000000005
52.0,20180912,41.53466400000001
63.5,20180913,45.663720000000005
66.9,20180914,49.563975000000006
76.0,20180915,54.998943000000004
83.6,20180916,61.15401
64.3,20180917,59.47591500000001
59.8,20180918,56.371407000000005
59.1,20180919,53.81682000000001
82.4,20180920,58.55977800000001
85.8,20180921,62.51664900000001
62.3,20180922,59.20958400000001
52.9,20180923,54.301533000000006
48.3,20180924,49.521192
48.0,20180925,44.910143999999995
47.9,20180926,41.480979000000005
47.6,20180927,40.175457
58.1,20180928,42.885549
55.5,20180929,44.234550000000006
52.5,20180930,44.293977
55.1,20181001,45.12061800000001
61.4,20181002,47.604392999999995
58.0,20181003,47.793614999999996
56.5,20181004,47.607165
84.1,20181005,55.90791300000001
84.0,20181006,61.55734200000001
53.5,20181007,56.04429000000001
47.0,20181008,50.406585
52.5,20181009,48.185823000000006
61.0,20181010,47.78967
51.0,20181011,44.517405000000004
54.0,20181012,44.66465999999999
54.0,20181013,45.095475
60.0,20181014,46.91973
69.9,20181015,50.73813000000001
55.9,20181016,49.715219999999995
53.3,20181017,48.067919999999994
59.5,20181018,48.77481
54.3,20181019,47.407107
53.9,20181020,45.83054700000001
49.5,20181021,44.112849000000004
50.0,20181022,43.191555
75.1,20181023,49.764039000000004
66.0,20181024,51.896967
55.5,20181025,50.260185
74.1,20181026,54.916290000000004
49.6,20181027,50.80035300000001
77.1,20181028,54.90363
57.3,20181029,52.294755
51.3,20181030,49.197963
55.4,20181031,47.32237800000001
53.4,20181101,46.644783
54.9,20181102,45.233889000000005
56.0,20181103,45.574599
55.0,20181104,45.815622
65.5,20181105,48.927612
70.5,20181106,52.706847
79.5,20181107,57.97668
93.8,20181108,65.9001
69.0,20181109,64.05691500000002
69.1,20181110,62.26726500000001
67.6,20181111,60.312405
52.3,20181112,53.900214000000005
51.6,20181113,48.48066
55.5,20181114,47.107413
55.4,20181115,46.111098000000005
65.1,20181116,48.39930900000001
50.8,20181117,46.482498
48.8,20181118,44.576024999999994
50.4,20181119,43.524852
39.9,20181120,39.64407299999999
57.1,20181121,41.598444
35.0,20181122,37.057524
29.6,20181123,32.359722000000005
71.1,20181124,41.44058700000001
77.8,20181125,50.336613
70.1,20181126,53.38659
65.0,20181127,55.10587799999999
27.1,20181128,45.211653
41.4,20181129,40.483224
46.1,20181130,38.245503
42.3,20181201,35.92734
50.1,20181202,36.901773
87.4,20181203,50.684832
74.9,20181204,55.861953000000014
39.5,20181205,48.62895900000001
50.5,20181206,47.057463000000006
37.1,20181207,41.54413199999999
37.1,20181208,35.804097000000006
27.0,20181209,29.386335
33.3,20181210,28.568804999999998
44.8,20181211,30.891903
39.0,20181212,31.453713
57.4,20181213,37.36698
44.3,20181214,38.085519
46.8,20181215,39.020844
63.8,20181216,44.195730000000005
60.1,20181217,47.000592000000005
56.3,20181218,46.896249000000005
53.4,20181219,46.61372400000001
45.5,20181220,43.919903999999995
40.1,20181221,39.557072999999995
48.9,20181222,39.329649
43.0,20181223,37.592052
35.9,20181224,34.391955
53.4,20181225,37.80021300000001
40.8,20181226,36.678267
28.3,20181227,31.6992
33.0,20181228,29.921337
29.0,20181229,27.834822000000003
35.9,20181230,27.561894
39.6,20181231,29.116149000000007
49.5,20190101,33.804390000000005
42.8,20190102,34.83918
38.8,20190103,34.565217
55.5,20190104,39.035537999999995
40.3,20190105,37.418205
35.0,20190106,34.196903999999996
46.4,20190107,35.699814
31.0,20190108,32.333535000000005
28.8,20190109,28.475109
48.8,20190110,32.54061
58.8,20190111,38.653692
47.6,20190112,38.99805
54.3,20190113,42.02558400000001
68.6,20190114,48.545784
58.8,20190115,49.161504
45.9,20190116,45.21829800000001
45.8,20190117,42.992769
44.0,20190118,40.557078000000004
59.8,20190119,42.871074
38.5,20190120,38.594997
57.8,20190121,42.042173999999996
62.0,20190122,45.72024
48.9,20190123,44.455644
34.9,20190124,38.573775000000005
27.6,20190125,33.340434
30.9,20190126,29.69397
52.5,20190127,33.409677
40.4,20190128,33.04118700000001
35.5,20190129,32.019138000000005
54.6,20190130,37.401777
29.0,20190131,33.323235
47.6,20190201,34.959162000000006
60.0,20190202,40.434405
92.9,20190203,54.38413800000001
40.4,20190204,47.43591000000001
37.1,20190205,42.87292800000001
54.9,20190206,44.081010000000006
45.5,20190207,41.481447
31.5,20190208,33.802902
30.0,20190209,30.625023000000006
31.3,20190210,28.956897
34.9,20190211,27.971715000000007
35.5,20190212,27.936045
26.6,20190213,25.946970000000004
24.3,20190214,23.940249
72.8,20190215,37.019997000000004
59.0,20190216,41.854305
47.4,20190217,41.72806800000001
43.5,20190218,40.918449
80.8,20190219,51.657684
67.8,20190220,52.82973
59.4,20190221,51.825972
56.1,20190222,50.718225
41.0,20190223,45.609444
45.0,20190224,41.352593999999996
55.8,20190225,42.268272
32.8,20190226,36.432783
31.3,20190227,32.06433
39.5,20190228,32.22777
42.3,20190301,32.980494
37.6,20190302,31.552854
36.4,20190303,31.353189000000004
46.1,20190304,34.199055
66.3,20190305,41.837709000000004
55.0,20190306,43.653588000000006
51.1,20190307,43.991682000000004
39.4,20190308,40.778853000000005
31.8,20190309,35.760788999999995
26.4,20190310,29.609640000000002
61.0,20190311,36.253593
55.1,20190312,39.331002
38.5,20190313,37.095113999999995
45.3,20190314,37.953192
72.8,20190315,47.076119999999996
69.9,20190316,50.84760300000001
55.4,20190317,49.435125000000006
43.8,20190318,45.803379
52.0,20190319,45.378294
79.0,20190320,51.794157
77.4,20190321,55.951482
40.9,20190322,48.642714
46.9,20190323,45.911460000000005
45.4,20190324,43.13613
56.1,20190325,43.042032
51.1,20190326,41.556837
66.4,20190327,46.947567000000014
49.9,20190328,45.468552
33.1,20190329,39.468873
72.0,20190330,46.399593
46.0,20190331,43.70320200000001
39.8,20190401,39.184287
36.9,20190402,35.982993
36.1,20190403,34.34916
43.0,20190404,33.3141
41.0,20190405,33.300504
39.9,20190406,33.273597
43.1,20190407,34.360983000000004
25.6,20190408,29.912490000000002
49.1,20190409,33.500640000000004
78.4,20190410,44.90318700000002
58.0,20190411,46.820433
48.5,20190412,45.151158
34.0,20190413,40.515032999999995
45.5,20190414,39.534852
30.9,20190415,32.99139
26.3,20190416,28.059554999999996
37.5,20190417,28.44627
74.4,20190418,40.518075
57.5,20190419,43.31849700000001
66.9,20190420,48.834939000000006
77.8,20190421,56.198385
50.6,20190422,52.628082000000006
52.0,20190423,48.688335
70.4,20190424,52.30262700000001
75.9,20190425,56.008674
82.1,20190426,59.913318000000004
52.6,20190427,55.168020000000006
48.8,20190428,50.63572200000001
52.9,20190429,47.76536700000001
52.8,20190430,45.448803000000005
48.9,20190501,42.34459799999999
28.5,20190502,35.539074
37.5,20190503,33.666807000000006
40.4,20190504,33.01949400000001
35.8,20190505,31.191417
27.1,20190506,27.498404999999998
33.4,20190507,27.831885
48.3,20190508,32.081532
43.3,20190509,33.410064
48.0,20190510,35.981973
39.0,20190511,35.520972
36.0,20190512,33.980619000000004
43.4,20190513,34.371099
44.5,20190514,35.22654
48.1,20190515,36.66837
43.8,20190516,36.84144
44.9,20190517,37.44385200000001
46.8,20190518,38.062425
93.0,20190519,52.29996300000001
63.6,20190520,53.264724
52.0,20190521,50.676866999999994
46.0,20190522,47.009904000000006
45.0,20190523,44.04722999999999
46.4,20190524,40.063908
45.6,20190525,38.51796
39.0,20190526,36.04068000000001
80.9,20190527,47.17911000000001
45.9,20190528,44.52643200000001
48.4,20190529,43.348968000000006
48.0,20190530,42.445080000000004
49.6,20190531,42.625137
60.5,20190601,43.908537
42.1,20190602,41.051652
42.9,20190603,39.16578
56.4,20190604,41.91583800000001
63.8,20190605,45.980205000000005
75.9,20190606,51.905673
77.3,20190607,57.40124700000001
57.5,20190608,55.267812000000006
66.1,20190609,55.673724
70.3,20190610,56.84474700000001
51.1,20190611,51.29436900000001
57.1,20190612,49.138515000000005
51.9,20190613,47.067753
54.8,20190614,46.054599
61.5,20190615,47.143623
55.4,20190616,47.044023
59.1,20190617,47.781777
78.6,20190618,54.410394
77.8,20190619,58.66420500000001
70.6,20190620,59.144052
72.9,20190621,60.477513
42.3,20190622,52.044378
40.4,20190623,44.587974
46.9,20190624,41.358828
49.1,20190625,40.12145700000001
52.6,20190626,40.189329
70.5,20190627,47.149722000000004
67.3,20190628,51.157797
72.0,20190629,55.04571299999999
73.5,20190630,58.106328000000005
64.4,20190701,57.34228500000001
63.5,20190702,55.634919000000004
64.6,20190703,54.931110000000004
59.6,20190704,52.701465000000006
42.1,20190705,45.815082
40.9,20190706,41.093445
43.3,20190707,38.553678000000005
46.6,20190708,37.710378000000006
46.4,20190709,37.312173
64.1,20190710,43.225797
76.9,20190711,51.26583900000001
65.5,20190712,53.352858
67.3,20190713,55.187382
64.6,20190714,55.671633
80.0,20190715,59.738157
79.0,20190716,61.63933500000001
73.9,20190717,62.014959000000005
65.0,20190718,59.517138
61.3,20190719,56.79480000000001
66.9,20190720,55.792680000000004
87.1,20190721,61.20161700000001
74.6,20190722,61.49502000000001
70.8,20190723,61.009149
82.3,20190724,64.305597
90.1,20190725,68.670753
95.3,20190726,72.26785800000002
76.6,20190727,69.806094
88.3,20190728,71.784459
74.5,20190729,68.449473
75.3,20190730,65.961699
91.1,20190731,68.698068
86.4,20190801,70.146399
74.6,20190802,67.030305
69.0,20190803,63.86484900000001
75.9,20190804,63.678693
65.5,20190805,59.63173200000001
51.4,20190806,52.80583800000001
78.1,20190807,56.63268000000001
71.4,20190808,57.58382700000001
69.0,20190809,57.18172500000001
57.9,20190810,54.094632
53.6,20190811,51.354603000000004
91.8,20190812,59.550342
76.9,20190813,61.15518
63.9,20190814,58.499577
82.0,20190815,62.630328000000006
74.5,20190816,63.488664000000014
69.5,20190817,60.66341700000001
66.5,20190818,58.537017000000006
60.6,20190819,55.93401000000001
56.3,20190820,51.90928500000001
67.3,20190821,52.770135
66.5,20190822,53.384834999999995
58.4,20190823,51.536387999999995
60.9,20190824,51.28995900000001
66.6,20190825,53.04426899999999
63.8,20190826,52.87765499999999
71.1,20190827,54.991362
66.2,20190828,55.409367
77.1,20190829,58.845918000000005
66.3,20190830,57.72410399999999
65.0,20190831,56.69001300000001
64.0,20190901,55.29807600000001
56.6,20190902,52.35078300000001
67.6,20190903,53.038089
89.0,20190904,60.483750000000015
91.4,20190905,66.48126
79.8,20190906,67.24993800000001
72.9,20190907,66.091128
76.9,20190908,65.92533
74.3,20190909,63.950262
93.4,20190910,68.176704
71.4,20190911,65.12009700000002
72.3,20190912,63.598377
60.4,20190913,58.761489000000005
80.0,20190914,61.386762000000004
70.4,20190915,59.38141200000001
53.0,20190916,53.866929
41.6,20190917,46.541411999999994
46.0,20190918,43.333560000000006
46.5,20190919,40.249812
52.8,20190920,40.465230000000005
60.3,20190921,43.743348
63.4,20190922,47.54283
51.1,20190923,46.290615
61.3,20190924,48.448854000000004
64.4,20190925,50.571968999999996
59.3,20190926,50.149992000000005
57.5,20190927,49.158303
58.9,20190928,49.50429900000001
60.6,20190929,49.742202
61.0,20190930,49.87242900000001
67.1,20191001,52.050734999999996
88.0,20191002,59.936307
73.4,20191003,61.005618000000005
71.5,20191004,61.098420000000004
72.6,20191005,61.473213
53.4,20191006,55.668
92.0,20191007,62.130552
58.8,20191008,57.430485
48.3,20191009,51.086238
60.9,20191010,50.369802
60.0,20191011,50.56638
49.3,20191012,45.547734
52.6,20191013,44.698659
56.9,20191014,45.923727
55.6,20191015,45.75597000000001
58.3,20191016,46.493919000000005
56.0,20191017,46.859988
58.3,20191018,47.639847
63.8,20191019,49.61893799999999
70.3,20191020,53.019849
61.0,20191021,52.474349999999994
56.1,20191022,50.738469
57.3,20191023,49.767384
47.6,20191024,45.900309
58.0,20191025,45.985620000000004
60.0,20191026,47.114253000000005
59.0,20191027,47.851359
65.9,20191028,50.37682800000001
61.0,20191029,51.163740000000004
60.3,20191030,50.9802
73.8,20191031,54.80088
57.9,20191101,52.755777
57.3,20191102,50.79629999999999
57.8,20191103,49.821729
57.8,20191104,49.17482400000001
65.1,20191105,50.231307
63.6,20191106,51.322539000000006
42.8,20191107,45.87665400000001
31.4,20191108,38.619324000000006
41.4,20191109,36.539193
59.6,20191110,40.175028
71.6,20191111,46.395744
63.6,20191112,49.39900200000001
72.3,20191113,54.686082000000006
30.6,20191114,45.372828
87.4,20191115,54.97588800000001
81.3,20191116,59.262978000000004
79.4,20191117,62.09730900000001
59.8,20191118,57.762678
48.0,20191119,53.290992
35.5,20191120,43.546898999999996
37.4,20191121,37.603602
34.1,20191122,32.549094000000004
52.0,20191123,35.36919
74.6,20191124,44.71822500000001
62.1,20191125,48.142812
64.0,20191126,51.014223
50.8,20191127,49.2306
52.4,20191128,47.55952800000001
42.8,20191129,42.370263
42.6,20191130,39.30804
79.4,20191201,48.108684000000004
48.0,20191202,45.51469200000001
61.3,20191203,47.60822399999999
41.6,20191204,43.647738000000004
31.9,20191205,37.975482
34.5,20191206,32.929410000000004
65.0,20191207,40.130379000000005
65.1,20191208,44.530458
56.8,20191209,46.113807
82.3,20191210,55.361235
62.0,20191211,55.61334
45.4,20191212,49.271973
53.6,20191213,47.287974
58.3,20191214,47.727669
52.5,20191215,45.00972000000001
58.9,20191216,46.05070200000001
81.4,20191217,54.366378
64.6,20191218,54.733898999999994
47.8,20191219,49.71418499999999
45.3,20191220,45.742827
68.1,20191221,49.480182
63.4,20191222,49.551858
80.4,20191223,55.54910400000001
67.9,20191224,56.844249000000005
60.8,20191225,55.746903
59.0,20191226,53.28916200000002
45.4,20191227,47.725722000000005
47.6,20191228,43.634157
52.5,20191229,42.870324
70.3,20191230,48.03363000000001
39.3,20191231,42.438702
64.4,20200101,46.737978000000005
65.4,20200102,49.936545
56.9,20200103,49.378479
50.8,20200104,46.260339
45.6,20200105,44.080692
65.4,20200106,47.229372000000005
95.0,20200107,58.263027
86.1,20200108,63.745164
65.3,20200109,61.650228000000006
62.9,20200110,59.725961999999996
60.9,20200111,56.78064
61.5,20200112,53.406453
51.0,20200113,48.34326900000001
45.3,20200114,44.137797000000006
44.8,20200115,41.16497699999999
43.0,20200116,38.644845000000004
43.9,20200117,37.1205
48.1,20200118,37.842878999999996
62.8,20200119,43.045944
46.8,20200120,41.9133
36.9,20200121,38.241207
36.0,20200122,35.355363000000004
49.3,20200123,37.113504
63.0,20200124,41.713014
63.1,20200125,45.769406999999994
56.3,20200126,47.06805000000001
48.1,20200127,45.562479
49.4,20200128,44.22798
46.4,20200129,41.703063
47.0,20200130,40.110579
59.6,20200131,43.118703000000004
66.6,20200201,47.73784200000001
52.3,20200202,46.615692
43.6,20200203,43.37145
50.3,20200204,43.080228
37.3,20200205,38.341068
36.4,20200206,34.40070899999999
45.1,20200207,34.97347800000001
48.1,20200208,36.713079
51.1,20200209,38.492979000000005
49.4,20200210,39.884382
37.0,20200211,37.18374300000001
73.4,20200212,45.77463300000001
84.8,20200213,55.056993000000006
70.3,20200214,57.05338200000001
63.0,20200215,56.34657000000001
81.1,20200216,61.90702200000001
64.3,20200217,58.92401400000001
44.0,20200218,50.171108999999994
56.8,20200219,48.61518
62.6,20200220,49.634103
66.3,20200221,50.544729
62.0,20200222,50.73924
48.6,20200223,47.878944000000004
51.8,20200224,46.191348000000005
73.5,20200225,51.227589
59.6,20200226,50.3964
54.0,20200227,48.351378000000004
79.4,20200228,55.215504
68.6,20200229,56.619045
71.8,20200301,57.467388
55.3,20200302,53.81208
57.0,20200303,52.045722000000005
53.4,20200304,48.448578
47.5,20200305,44.705124000000005
46.8,20200306,41.713359
39.5,20200307,38.261070000000004
43.8,20200308,37.048752
37.6,20200309,34.521645
78.4,20200310,45.290154
41.8,20200311,41.88340500000001
49.8,20200312,42.266754
41.0,20200313,39.678288
48.1,20200314,40.308972000000004
48.3,20200315,38.753274000000005
42.4,20200316,37.73969400000001
65.8,20200317,43.646820000000005
45.8,20200318,42.225513
49.0,20200319,41.832609000000005
39.6,20200320,38.727492
56.5,20200321,41.92139400000001
37.5,20200322,37.277274000000006
37.9,20200323,35.154810000000005
35.0,20200324,32.637738
33.6,20200325,30.929744999999997
53.8,20200326,34.942035000000004
56.4,20200327,39.488637
17.9,20200328,31.10109
30.6,20200329,29.186027999999997
38.4,20200330,30.256073999999998
34.5,20200331,28.816602000000003
35.6,20200401,28.007877000000004
41.4,20200402,31.122978000000003
53.8,20200403,36.38320200000001
36.4,20200404,34.45207500000001
29.5,20200405,31.226928
38.3,20200406,31.553862000000002
56.6,20200407,36.980274
25.5,20200408,30.823542000000003
44.6,20200409,33.121155
52.6,20200410,37.477389
63.8,20200411,43.44304800000001
58.6,20200412,45.136305
39.4,20200413,42.129678
46.8,20200414,41.281998
39.8,20200415,38.185254
39.9,20200416,35.482818
77.8,20200417,45.223302
67.9,20200418,50.03972400000001
75.8,20200419,55.40810400000001
73.0,20200420,58.67891700000001
49.0,20200421,53.76344400000001
46.8,20200422,47.751657
47.8,20200423,44.342574
55.6,20200424,43.89789000000001
54.4,20200425,43.36779000000001
43.1,20200426,40.81682400000001
49.8,20200427,41.152074
50.0,20200428,41.396328
48.6,20200429,40.754022
57.1,20200430,42.914913000000006
73.6,20200501,49.947294
79.6,20200502,56.33214000000001
68.8,20200503,57.55144799999999
63.9,20200504,57.005553000000006
67.9,20200505,57.394847999999996
50.0,20200506,51.465408000000004
32.5,20200507,41.762274000000005
32.8,20200508,35.604627
94.4,20200509,50.021337
88.6,20200510,58.17135000000001
61.0,20200511,56.498895
69.4,20200512,58.730544
47.3,20200513,53.647572
35.4,20200514,43.413558
81.4,20200515,50.34219000000001
90.3,20200516,59.253852
80.1,20200517,62.00847900000001
79.4,20200518,64.841022
73.6,20200519,65.683812
60.4,20200520,59.994399
56.1,20200521,54.273063
68.5,20200522,54.502422
66.1,20200523,53.978268
84.8,20200524,59.513802000000005
81.0,20200525,62.914232999999996
81.9,20200526,65.781345
68.5,20200527,63.143103
62.8,20200528,59.707344000000006
65.6,20200529,57.19944000000001
57.3,20200530,53.145507
63.0,20200531,51.972375
64.3,20200601,52.216824
71.0,20200602,54.685338
73.3,20200603,56.962119
81.1,20200604,61.31436
69.4,20200605,60.563529
63.6,20200606,58.2324
69.4,20200607,58.00278900000001
63.6,20200608,55.986093
51.6,20200609,50.581122
63.8,20200610,51.047568
68.3,20200611,53.016522
68.6,20200612,54.192348
52.8,20200613,50.567868
70.6,20200614,53.975784
62.3,20200615,53.256189000000006
63.0,20200616,52.735578
58.6,20200617,51.036024
61.4,20200618,51.482988
61.4,20200619,50.898368999999995
62.6,20200620,51.26763
59.5,20200621,50.560818
50.5,20200622,47.587902000000014
53.5,20200623,46.265682000000005
83.5,20200624,54.34012800000001
91.0,20200625,62.181734999999996
82.1,20200626,65.157165
70.4,20200627,64.183755
70.5,20200628,63.381105000000005
77.0,20200629,63.25662000000001
83.0,20200630,64.591323
79.3,20200701,64.864362
74.5,20200702,64.205415
63.5,20200703,60.43911000000001
63.9,20200704,57.59495999999999
68.6,20200705,56.711529
66.6,20200706,55.679685
75.5,20200707,57.869415000000004
71.9,20200708,58.876857
64.6,20200709,57.371897999999995
75.0,20200710,59.201448000000006
62.6,20200711,56.862975
71.9,20200712,57.567297
94.8,20200713,65.111838
79.4,20200714,66.14109
63.1,20200715,61.44718800000001
70.9,20200716,61.126677
72.0,20200717,60.76340400000001
71.6,20200718,59.23447200000001
81.6,20200719,61.940703
86.3,20200720,66.06692699999999
77.0,20200721,65.77199999999999
89.3,20200722,69.200088
95.5,20200723,73.479918
74.3,20200724,69.61158900000001
69.3,20200725,65.16678
69.3,20200726,62.524329
86.4,20200727,65.18443500000001
84.8,20200728,66.253899
95.8,20200729,71.371449
85.5,20200730,72.11583900000001
81.9,20200731,71.55691200000001
90.9,20200801,73.00346400000001
96.3,20200802,75.716724
96.3,20200803,77.061375
89.3,20200804,76.42196700000001
92.1,20200805,76.99589700000001
92.8,20200806,77.15385900000001
85.3,20200807,74.742159
89.5,20200808,74.313969
95.4,20200809,76.13718300000002
91.6,20200810,76.13225399999999
92.5,20200811,76.36350900000001
83.9,20200812,74.323545
82.4,20200813,72.23380200000001
86.1,20200814,71.583498
96.0,20200815,74.28988500000001
82.6,20200816,72.118977
77.9,20200817,69.622962
76.3,20200818,67.471383
76.8,20200819,65.92872
76.0,20200820,64.109688
83.1,20200821,65.642007
87.4,20200822,68.24160900000001
78.4,20200823,67.442004
71.6,20200824,64.81707
69.5,20200825,62.389953
68.3,20200826,59.972982
84.6,20200827,62.954292
89.1,20200828,66.844998
90.1,20200829,70.211355
88.8,20200830,72.28368900000001
77.9,20200831,70.524828
72.4,20200901,66.821763
91.3,20200902,69.67272299999999
82.0,20200903,68.827974
63.9,20200904,62.87219700000001
66.6,20200905,60.06274200000001
80.0,20200906,62.39343900000001
93.5,20200907,67.12197
71.5,20200908,64.300857
83.4,20200909,66.808698
75.8,20200910,66.14805000000001
72.6,20200911,64.049955
83.8,20200912,65.26060500000001
70.4,20200913,63.19732200000001
79.3,20200914,63.823014
76.4,20200915,63.774198000000005
79.9,20200916,64.951374
70.3,20200917,62.33068200000001
62.0,20200918,58.681839000000004
59.3,20200919,54.868902000000006
57.6,20200920,51.83606700000001
56.1,20200921,49.086609
55.3,20200922,47.40603
59.9,20200923,48.028119000000004
59.6,20200924,48.50971800000001
64.1,20200925,50.282553
62.5,20200926,51.11916899999999
63.3,20200927,51.98513700000001
66.0,20200928,53.16937800000001
67.6,20200929,54.493473
78.0,20200930,58.313445
74.9,20201001,60.13809900000001
79.6,20201002,62.78502000000001
72.5,20201003,62.371728000000004
65.1,20201004,59.78175
57.3,20201005,55.104386999999996
55.9,20201006,51.566538
48.9,20201007,46.75306500000001
53.0,20201008,44.971622999999994
53.4,20201009,44.217729000000006
60.1,20201010,46.093287000000004
68.5,20201011,49.996767000000006
68.6,20201012,53.11214999999999
52.3,20201013,50.196191999999996
47.0,20201014,46.544852999999996
41.8,20201015,42.091094999999996
64.3,20201016,45.299928
64.3,20201017,47.541069000000014
65.5,20201018,50.29173
74.4,20201019,55.15442400000001
67.1,20201020,56.63049900000001
69.4,20201021,57.21927900000001
66.0,20201022,56.611425000000004
51.5,20201023,51.775422
47.6,20201024,46.771473
62.5,20201025,48.106782
71.6,20201026,51.65553
74.1,20201027,55.061085
52.1,20201028,51.576078
40.3,20201029,45.793215
42.9,20201030,41.773938
60.3,20201031,43.721613000000005
84.3,20201101,52.158933
58.3,20201102,51.37431899999999
47.5,20201103,48.180057
43.9,20201104,44.73297899999999
61.5,20201105,46.722699
63.3,20201106,47.445399
68.8,20201107,50.912234999999995
43.8,20201108,46.383567000000006
40.9,20201109,42.525015
56.1,20201110,43.496619
53.5,20201111,43.305984
56.9,20201112,43.915224
71.5,20201113,49.982217
66.9,20201114,52.995332999999995
75.0,20201115,56.76811500000001
70.1,20201116,58.070157
67.5,20201117,58.030155
91.4,20201118,64.436007
90.5,20201119,68.88204
74.3,20201120,66.725853
67.9,20201121,63.54358500000001
80.5,20201122,65.227092
61.4,20201123,59.47048500000001
54.5,20201124,53.416239000000004
64.1,20201125,52.875087
66.5,20201126,53.53897500000001
61.6,20201127,51.89839200000001
50.0,20201128,48.233025000000005
59.6,20201129,48.895173
57.8,20201130,48.334635
44.5,20201201,43.831248
41.4,20201202,39.995940000000004
47.1,20201203,39.606108
53.8,20201204,40.859184
63.1,20201205,44.617095000000006
66.9,20201206,49.05823200000001
57.5,20201207,49.503333
50.0,20201208,47.277504000000015
55.1,20201209,46.91160300000001
69.9,20201210,50.626557000000005
77.1,20201211,55.19542500000001
51.3,20201212,51.127590000000005
74.9,20201213,55.738263
49.1,20201214,50.96858700000001
43.0,20201215,45.053583
43.9,20201216,40.820049
47.0,20201217,40.087436999999994
57.0,20201218,41.384673
45.1,20201219,40.02360000000001
50.4,20201220,40.968417
64.1,20201221,45.694410000000005
67.6,20201222,49.8963
76.6,20201223,55.033412999999996
61.5,20201224,54.69940199999999
51.9,20201225,51.318363000000005
65.8,20201226,52.430868000000004
62.9,20201227,52.16314800000001
72.1,20201228,54.281955
70.8,20201229,56.136477
55.5,20201230,53.32868400000001
53.9,20201231,50.182377
64.0,20210101,51.156183
38.5,20210102,43.723974000000005
45.0,20210103,40.536975
51.4,20210104,40.997516999999995
52.8,20210105,41.820570000000004
54.6,20210106,42.427455
49.9,20210107,42.72801
44.0,20210108,40.840662
46.3,20210109,39.886824000000004
54.4,20210110,41.57854800000001
62.1,20210111,44.98199700000001
79.5,20210112,52.82139000000001
80.3,20210113,58.846449
46.5,20210114,52.80802200000001
67.4,20210115,54.442713000000005
59.3,20210116,52.768755000000006
58.5,20210117,50.47965900000001
64.3,20210118,50.576955000000005
37.9,20210119,44.429292000000004
37.8,20210120,39.042129
64.4,20210121,43.659525
92.9,20210122,55.482039000000015
66.0,20210123,55.395357000000004
63.9,20210124,56.03579400000001
62.0,20210125,55.919142
80.4,20210126,60.01628700000002
47.6,20210127,51.60729
52.3,20210128,48.48731700000001
40.0,20210129,42.71922
60.0,20210130,44.777352
57.0,20210131,44.39029800000001
74.5,20210201,51.02316900000001
44.1,20210202,46.3092
64.6,20210203,49.7796
50.1,20210204,46.850460000000005
71.8,20210205,51.461325
80.4,20210206,56.38656300000002
67.0,20210207,57.34702800000001
43.6,20210208,49.96572300000001
51.9,20210209,48.01991400000001
75.1,20210210,52.523711999999996
71.5,20210211,54.16275
60.6,20210212,52.715718
50.6,20210213,49.882647000000006
47.6,20210214,46.58100300000001
65.1,20210215,48.350085
57.9,20210216,47.609958000000006
44.1,20210217,43.501458
44.9,20210218,41.369718000000006
66.9,20210219,46.628763
60.4,20210220,47.477727
66.6,20210221,50.29503300000001
58.3,20210222,50.472957
34.0,20210223,43.267167
33.0,20210224,36.813852
35.1,20210225,33.254268
35.0,20210226,30.419949
48.6,20210227,32.93442
49.0,20210228,36.03978
91.0,20210301,50.86395300000001
75.9,20210302,56.60499
64.4,20210303,57.178758
62.4,20210304,56.29467000000001
70.3,20210305,58.02564000000001
69.5,20210306,56.87963700000001
62.9,20210307,54.858792
60.3,20210308,53.244042
58.5,20210309,51.674559
61.8,20210310,51.167595000000006
50.8,20210311,47.553056999999995
57.0,20210312,47.215659
62.8,20210313,48.850575
71.4,20210314,52.665774
68.8,20210315,54.390024000000004
52.5,20210316,51.261630000000004
44.9,20210317,46.479144000000005
50.1,20210318,44.398962000000004
47.9,20210319,41.849214
74.6,20210320,48.205485
65.9,20210321,50.86673700000001
55.3,20210322,49.93281300000001
63.5,20210323,51.476876999999995
61.5,20210324,52.068648
68.5,20210325,53.236647
58.4,20210326,51.462908999999996
70.9,20210327,54.505755000000015
95.8,20210328,63.692295
62.3,20210329,60.17371500000001
47.3,20210330,52.857762
41.0,20210331,46.355847000000004
33.0,20210401,38.774244
35.6,20210402,32.991639
80.8,20210403,44.19291900000001
65.8,20210404,48.29013
47.9,20210405,46.10583000000001
50.9,20210406,45.880188000000004
47.5,20210407,44.571144
34.0,20210408,37.325784000000006
39.3,20210409,34.600347
50.0,20210410,36.805077
45.4,20210411,36.817125000000004
70.4,20210412,44.496990000000004
74.0,20210413,51.633579000000005
58.5,20210414,51.711960000000005
62.3,20210415,52.36732200000001
60.0,20210416,52.368012
56.6,20210417,50.08797
64.3,20210418,50.620425000000004
65.3,20210419,52.07466900000001
55.1,20210420,49.841040000000014
43.1,20210421,44.79346800000001
37.9,20210422,39.871599
41.4,20210423,37.088049
43.0,20210424,35.569143000000004
50.0,20210425,37.120203000000004
51.8,20210426,39.350997
62.4,20210427,44.354742
64.1,20210428,48.19089000000001
54.1,20210429,47.79552
81.8,20210430,55.47581400000001
80.8,20210501,60.461262000000005
67.9,20210502,59.54661300000001
56.4,20210503,55.370643
82.6,20210504,60.811674
64.4,20210505,57.763734000000014
46.4,20210506,50.280597
60.3,20210507,49.862832000000004
66.1,20210508,51.890238000000004
51.3,20210509,47.548392
67.9,20210510,50.40676200000001
48.9,20210511,47.61519900000001
39.5,20210512,42.140253
54.4,20210513,42.48534900000001
60.3,20210514,45.24314699999999
79.5,20210515,52.096617
97.6,20210516,63.282045000000004
93.0,20210517,70.205802
70.5,20210518,67.551159
52.3,20210519,59.935425
59.8,20210520,55.886328000000006
86.5,20210521,60.149339999999995
69.3,20210522,58.20538500000001
64.4,20210523,56.50908900000001
61.0,20210524,55.219344
72.3,20210525,57.328365000000005
58.5,20210526,53.318439
83.0,20210527,58.728732
86.0,20210528,63.663000000000004
79.8,20210529,65.428419
73.0,20210530,64.054455
78.9,20210531,65.55848999999999
74.6,20210601,64.086
64.4,20210602,59.843994
80.8,20210603,62.107200000000006
69.4,20210604,60.61430700000001
68.1,20210605,58.88179800000001
69.6,20210606,58.335851999999996
71.5,20210607,59.037984
69.6,20210608,58.132571999999996
59.1,20210609,54.923583
68.5,20210610,55.562838
84.5,20210611,60.734685
74.6,20210612,61.28917800000001
72.6,20210613,61.173123000000004
68.8,20210614,60.48130499999999
79.1,20210615,62.613074999999995
59.9,20210616,57.538577999999994
71.4,20210617,57.935598
92.1,20210618,64.524354
74.0,20210619,63.898083
73.3,20210620,62.730357000000005
67.0,20210621,60.991032
67.9,20210622,59.46366300000002
70.5,20210623,58.13079000000001
71.1,20210624,58.29039900000001
69.0,20210625,57.807420000000015
78.5,20210626,60.636987
72.1,20210627,60.652305
76.4,20210628,61.821933000000016
78.6,20210629,63.27042000000001
77.9,20210630,64.18024500000001
70.9,20210701,62.23812300000001
64.1,20210702,59.161332
80.0,20210703,61.560768
96.8,20210704,68.16944700000002
80.3,20210705,67.88081700000001
73.4,20210706,65.961723
78.5,20210707,66.49122
81.6,20210708,66.99017400000001
77.3,20210709,65.202369
80.4,20210710,65.712852
86.8,20210711,68.33809500000001
75.1,20210712,66.408618
76.1,20210713,65.201679
71.4,20210714,63.16363200000001
71.1,20210715,61.490694000000005
68.4,20210716,59.18694300000001
63.1,20210717,56.574243
62.5,20210718,54.514932
80.1,20210719,58.590393000000006
75.8,20210720,60.16834200000002
64.0,20210721,57.869043000000005
59.8,20210722,55.26676500000001
61.8,20210723,54.075423
57.4,20210724,51.034074000000004
55.8,20210725,48.64194
54.9,20210726,47.292414
60.5,20210727,48.23951400000001
67.4,20210728,50.871642
69.9,20210729,53.68598400000001
63.1,20210730,53.696697
69.9,20210731,55.789575000000006
81.8,20210801,60.542232000000006
82.6,20210802,63.76118700000001
76.9,20210803,64.178403
70.6,20210804,62.92331700000001
68.1,20210805,60.95189399999999
68.4,20210806,59.061888
65.0,20210807,56.678547
74.8,20210808,58.237608
62.4,20210809,55.926603
62.5,20210810,54.464952000000004
70.3,20210811,55.766670000000005
67.1,20210812,55.889303999999996
70.4,20210813,56.471022000000005
63.9,20210814,55.553445
59.6,20210815,53.616099000000006
61.1,20210816,52.316673
65.0,20210817,52.73842200000001
69.6,20210818,54.247257000000005
57.1,20210819,51.881178
63.6,20210820,52.391732999999995
88.1,20210821,60.023489999999995
81.5,20210822,63.189078
89.3,20210823,67.51305300000001
93.6,20210824,72.460098
85.5,20210825,73.165293
84.9,20210826,72.243615
83.5,20210827,71.51121900000001
80.4,20210828,69.675258
82.6,20210829,68.833275
77.5,20210830,67.12229700000002
93.3,20210831,70.69486500000001
83.1,20210901,70.20625199999999
70.3,20210902,66.18052800000001
60.3,20210903,60.251595
57.0,20210904,55.368489000000004
61.1,20210905,52.383663
70.1,20210906,53.508579
98.1,20210907,63.341409
81.3,20210908,65.6886
76.5,20210909,66.058023
76.0,20210910,65.95989300000001
73.1,20210911,64.567413
64.6,20210912,59.630889
67.1,20210913,57.772394999999996
63.3,20210914,55.57347
57.5,20210915,52.319433
61.1,20210916,51.267828
61.4,20210917,51.050282999999986
65.1,20210918,51.881949
62.9,20210919,51.995715
63.6,20210920,52.57779300000001
85.1,20210921,59.25373200000001
79.0,20210922,62.081763
67.3,20210923,60.36482699999999
67.5,20210924,59.333898000000005
72.6,20210925,60.106953
63.0,20210926,56.684039999999996
66.0,20210927,55.495569
75.1,20210928,57.983565
93.5,20210929,65.235078
83.9,20210930,67.17399
75.8,20211001,66.58527000000001
77.1,20211002,66.41190300000001
69.5,20211003,63.55171500000001
81.0,20211004,64.071837
82.4,20211005,65.33996400000001
91.5,20211006,69.36606300000001
85.5,20211007,70.318785
91.3,20211008,73.10889
83.5,20211009,72.14212200000001
89.0,20211010,73.044795
78.6,20211011,70.097835
67.1,20211012,64.887489
66.6,20211013,60.797805000000004
73.6,20211014,60.42831
74.4,20211015,60.13234800000001
47.5,20211016,52.379553
37.4,20211017,44.502438000000005
60.4,20211018,45.913667999999994
72.8,20211019,50.268581999999995
64.9,20211020,50.90668500000001
64.1,20211021,52.469682
58.4,20211022,52.36303199999999
57.3,20211023,50.798694
63.1,20211024,50.81843700000001
64.5,20211025,51.650583
74.5,20211026,55.27342200000001
63.4,20211027,54.766809000000016
54.6,20211028,51.827643
55.9,20211029,49.867785000000005
62.4,20211030,50.375295
73.3,20211031,53.496342000000006
77.3,20211101,57.440748000000006
76.6,20211102,60.435537000000004
71.1,20211103,60.816342
80.4,20211104,63.54516900000001
68.5,20211105,61.33575900000001
61.1,20211106,57.367488
57.5,20211107,53.544993000000005
82.1,20211108,58.526562
80.3,20211109,61.004745000000014
73.4,20211110,61.26948300000001
60.6,20211111,57.98791500000001
55.4,20211112,54.31233300000001
66.1,20211113,53.709069
69.8,20211114,54.487542000000005
71.3,20211115,55.830377999999996
65.5,20211116,55.675752
64.1,20211117,55.40970300000001
70.8,20211118,56.693964
84.8,20211119,61.60638899999999
77.0,20211120,62.629455
74.4,20211121,62.858043000000016
61.8,20211122,59.308644
60.9,20211123,56.216244
64.3,20211124,54.365669999999994
55.0,20211125,50.673552
57.5,20211126,48.970164000000004
53.0,20211127,47.063097
52.4,20211128,45.59352900000001
62.0,20211129,47.27340000000001
80.4,20211130,54.438225
51.8,20211201,50.74755
68.9,20211202,53.520972
53.3,20211203,50.81262000000001
48.5,20211204,46.992732000000004
50.4,20211205,43.96106400000001
61.4,20211206,46.580937000000006
68.3,20211207,49.622649
70.0,20211208,53.048415
70.3,20211209,55.77847200000001
81.5,20211210,60.953712
83.6,20211211,64.651749
61.8,20211212,60.352470000000004
43.8,20211213,51.857259000000006
64.9,20211214,52.225485000000006
84.8,20211215,57.888528
71.6,20211216,57.786774
50.5,20211217,52.48472399999999
64.1,20211218,53.760867000000005
63.8,20211219,53.500284
77.9,20211220,56.544498000000004
70.9,20211221,57.24100500000001
47.4,20211222,51.742443
53.5,20211223,49.037724000000004
65.3,20211224,50.69954700000001
42.4,20211225,44.281887
43.5,20211226,40.472471999999996
60.9,20211227,44.210775
73.8,20211228,50.390019
72.9,20211229,53.85052200000001
48.5,20211230,50.10751500000001
35.9,20211231,43.651947
